en:
  timezones:
    "International Date Line West": International Date Line West(Pacific/Midway)
    "Midway Island": Midway Island(Pacific/Midway)
    "Samoa": Samoa(Pacific/Pago_Pago)
    "Hawaii": Hawaii(Pacific/Honolulu)
    "Alaska": Alaska(America/Juneau)
    "Pacific Time (US & Canada)": Pacific Time (US & Canada)(America/Los_Angeles)
    "Tijuana": Tijuana(America/Tijuana)
    "Mountain Time (US & Canada)": Mountain Time (US & Canada)(America/Denver)
    "Arizona": Arizona(America/Phoenix)
    "Chihuahua": Chihuahua(America/Chihuahua)
    "Mazatlan": Mazatlan(America/Mazatlan)
    "Central Time (US & Canada)": Central Time (US & Canada)(America/Chicago)
    "Saskatchewan": Saskatchewan(America/Regina)
    "Guadalajara": Guadalajara(America/Mexico_City)
    "Mexico City": Mexico City(America/Mexico_City)
    "Monterrey": Monterrey(America/Monterrey)
    "Central America": Central America(America/Guatemala)
    "Eastern Time (US & Canada)": Eastern Time (US & Canada)(America/New_York)
    "Indiana (East)": Indiana (East)(America/Indiana/Indianapolis)
    "Bogota": Bogota(America/Bogota)
    "Lima": Lima(America/Lima)
    "Quito": Quito(America/Lima)
    "Atlantic Time (Canada)": Atlantic Time (Canada)(America/Halifax)
    "Caracas": Caracas(America/Caracas)
    "La Paz": La Paz(America/La_Paz)
    "Santiago": Santiago(America/Santiago)
    "Newfoundland": Newfoundland(America/St_Johns)
    "Brasilia": Brasilia(America/Sao_Paulo)
    "Buenos Aires": Buenos Aires(America/Argentina/Buenos_Aires)
    "Georgetown": Georgetown(America/Guyana)
    "Greenland": Greenland(America/Godthab)
    "Mid-Atlantic": Mid-Atlantic(Atlantic/South_Georgia)
    "Azores": Azores(Atlantic/Azores)
    "Cape Verde Is.": Cape Verde Is.(Atlantic/Cape_Verde)
    "Dublin": Dublin(Europe/Dublin)
    "Edinburgh": Edinburgh(Europe/London)
    "Lisbon": Lisbon(Europe/Lisbon)
    "London": London(Europe/London)
    "Casablanca": Casablanca(Africa/Casablanca)
    "Monrovia": Monrovia(Africa/Monrovia)
    "UTC": UTC(Etc/UTC)
    "Belgrade": Belgrade(Europe/Belgrade)
    "Bratislava": Bratislava(Europe/Bratislava)
    "Budapest": Budapest(Europe/Budapest)
    "Ljubljana": Ljubljana(Europe/Ljubljana)
    "Prague": Prague(Europe/Prague)
    "Sarajevo": Sarajevo(Europe/Sarajevo)
    "Skopje": Skopje(Europe/Skopje)
    "Warsaw": Warsaw(Europe/Warsaw)
    "Zagreb": Zagreb(Europe/Zagreb)
    "Brussels": Brussels(Europe/Brussels)
    "Copenhagen": Copenhagen(Europe/Copenhagen)
    "Madrid": Madrid(Europe/Madrid)
    "Paris": Paris(Europe/Paris)
    "Amsterdam": Amsterdam(Europe/Amsterdam)
    "Berlin": Berlin(Europe/Berlin)
    "Bern": Bern(Europe/Berlin)
    "Rome": Rome(Europe/Rome)
    "Stockholm": Stockholm(Europe/Stockholm)
    "Vienna": Vienna(Europe/Vienna)
    "West Central Africa": West Central Africa(Africa/Algiers)
    "Bucharest": Bucharest(Europe/Bucharest)
    "Cairo": Cairo(Africa/Cairo)
    "Helsinki": Helsinki(Europe/Helsinki)
    "Kyiv": Kyiv(Europe/Kiev)
    "Riga": Riga(Europe/Riga)
    "Sofia": Sofia(Europe/Sofia)
    "Tallinn": Tallinn(Europe/Tallinn)
    "Vilnius": Vilnius(Europe/Vilnius)
    "Athens": Athens(Europe/Athens)
    "Istanbul": Istanbul(Europe/Istanbul)
    "Minsk": Minsk(Europe/Minsk)
    "Jerusalem": Jerusalem(Asia/Jerusalem)
    "Harare": Harare(Africa/Harare)
    "Pretoria": Pretoria(Africa/Johannesburg)
    "Moscow": Moscow(Europe/Moscow)
    "St. Petersburg": St. Petersburg(Europe/Moscow)
    "Volgograd": Volgograd(Europe/Moscow)
    "Kuwait": Kuwait(Asia/Kuwait)
    "Riyadh": Riyadh(Asia/Riyadh)
    "Nairobi": Nairobi(Africa/Nairobi)
    "Baghdad": Baghdad(Asia/Baghdad)
    "Tehran": Tehran(Asia/Tehran)
    "Abu Dhabi": Abu Dhabi(Asia/Muscat)
    "Muscat": Muscat(Asia/Muscat)
    "Baku": Baku(Asia/Baku)
    "Tbilisi": Tbilisi(Asia/Tbilisi)
    "Yerevan": Yerevan(Asia/Yerevan)
    "Kabul": Kabul(Asia/Kabul)
    "Ekaterinburg": Ekaterinburg(Asia/Yekaterinburg)
    "Islamabad": Islamabad(Asia/Karachi)
    "Karachi": Karachi(Asia/Karachi)
    "Tashkent": Tashkent(Asia/Tashkent)
    "Chennai": Chennai(Asia/Kolkata)
    "Kolkata": Kolkata(Asia/Kolkata)
    "Mumbai": Mumbai(Asia/Kolkata)
    "New Delhi": New Delhi(Asia/Kolkata)
    "Kathmandu": Kathmandu(Asia/Kathmandu)
    "Astana": Astana(Asia/Dhaka)
    "Dhaka": Dhaka(Asia/Dhaka)
    "Sri Jayawardenepura": Sri Jayawardenepura(Asia/Colombo)
    "Almaty": Almaty(Asia/Almaty)
    "Novosibirsk": Novosibirsk(Asia/Novosibirsk)
    "Rangoon": Rangoon(Asia/Rangoon)
    "Bangkok": Bangkok(Asia/Bangkok)
    "Hanoi": Hanoi(Asia/Bangkok)
    "Jakarta": Jakarta(Asia/Jakarta)
    "Krasnoyarsk": Krasnoyarsk(Asia/Krasnoyarsk)
    "Beijing": Beijing(Asia/Shanghai)
    "Chongqing": Chongqing(Asia/Chongqing)
    "Hong Kong": Hong Kong(Asia/Hong_Kong)
    "Urumqi": Urumqi(Asia/Urumqi)
    "Kuala Lumpur": Kuala Lumpur(Asia/Kuala_Lumpur)
    "Singapore": Singapore(Asia/Singapore)
    "Taipei": Taipei(Asia/Taipei)
    "Perth": Perth(Australia/Perth)
    "Irkutsk": Irkutsk(Asia/Irkutsk)
    "Ulaan Bataar": Ulaan Bataar(Asia/Ulaanbaatar)
    "Seoul": Seoul(Asia/Seoul)
    "Osaka": Osaka(Asia/Tokyo)
    "Sapporo": Sapporo(Asia/Tokyo)
    "Tokyo": Tokyo(Asia/Tokyo)
    "Yakutsk": Yakutsk(Asia/Yakutsk)
    "Darwin": Darwin(Australia/Darwin)
    "Adelaide": Adelaide(Australia/Adelaide)
    "Canberra": Canberra(Australia/Melbourne)
    "Melbourne": Melbourne(Australia/Melbourne)
    "Sydney": Sydney(Australia/Sydney)
    "Brisbane": Brisbane(Australia/Brisbane)
    "Hobart": Hobart(Australia/Hobart)
    "Vladivostok": Vladivostok(Asia/Vladivostok)
    "Guam": Guam(Pacific/Guam)
    "Port Moresby": Port Moresby(Pacific/Port_Moresby)
    "Magadan": Magadan(Asia/Magadan)
    "Solomon Is.": Solomon Is.(Asia/Magadan)
    "New Caledonia": New Caledonia(Pacific/Noumea)
    "Fiji": Fiji(Pacific/Fiji)
    "Kamchatka": Kamchatka(Asia/Kamchatka)
    "Marshall Is.": Marshall Is.(Pacific/Majuro)
    "Auckland": Auckland(Pacific/Auckland)
    "Wellington": Wellington(Pacific/Auckland)
    "Nuku'alofa": Nuku'alofa(Pacific/Tongatapu)
